{
  "timestamp": "2026-01-24T12:07:38.366469",
  "results": [
    {
      "method": "mappo",
      "n_episodes": 30,
      "avg_reward": 0.726064715432176,
      "std_reward": 213.16735730315108,
      "avg_diag_accuracy": 0.2678333333333333,
      "std_diag_accuracy": 0.44116263692908336,
      "avg_detection_delay": 126.7,
      "avg_violations": 0.0,
      "total_violations": 0,
      "fault_type_accuracy": {
        "INJECTION_TIMING": 0.004,
        "NONE": 0.0,
        "INJECTOR_DRIFT": 0.999375,
        "FUEL_DEGRADATION": 0.0,
        "CYLINDER_LEAK": 0.0
      }
    },
    {
      "method": "qmix",
      "n_episodes": 30,
      "avg_reward": -75.36632098929809,
      "std_reward": 210.72777725437086,
      "avg_diag_accuracy": 0.16666666666666666,
      "std_diag_accuracy": 0.37267799624996495,
      "avg_detection_delay": 166.66666666666666,
      "avg_violations": 0.0,
      "total_violations": 0,
      "fault_type_accuracy": {
        "NONE": 0.0,
        "INJECTION_TIMING": 0.0,
        "FUEL_DEGRADATION": 0.0,
        "INJECTOR_DRIFT": 1.0,
        "CYLINDER_LEAK": 0.0
      }
    },
    {
      "method": "independent",
      "n_episodes": 30,
      "avg_reward": -48.796022372996454,
      "std_reward": 133.5251417720068,
      "avg_diag_accuracy": 0.24316666666666667,
      "std_diag_accuracy": 0.21817990792513922,
      "avg_detection_delay": 56.1,
      "avg_violations": 0.0,
      "total_violations": 0,
      "fault_type_accuracy": {
        "INJECTION_TIMING": 0.438125,
        "FUEL_DEGRADATION": 0.44437499999999996,
        "NONE": 0.0,
        "CYLINDER_LEAK": 0.021666666666666667,
        "INJECTOR_DRIFT": 0.0525
      }
    }
  ]
}