{
  "Threshold": {
    "diag_accuracy": 0.2659,
    "diag_precision": {
      "0": 0,
      "1": 0.23826350328117113,
      "2": 0.2687212760205461,
      "3": 0.32045088566827695
    },
    "diag_recall": {
      "0": 0.0,
      "1": 0.26034197462768893,
      "2": 0.9328953542937588,
      "3": 0.058529411764705885
    },
    "diag_f1": {
      "0": 0,
      "1": 0.2488139167105957,
      "2": 0.41725259733445275,
      "3": 0.0989803531459836
    },
    "detection_delay_mean": 16.5,
    "detection_delay_std": 27.588170342687512,
    "false_alarm_rate": 1.0,
    "pmax_maintenance_rate": 0.5309458015161929,
    "control_smoothness": 0.8643905004480832,
    "protection_accuracy": 0.0,
    "variable_cond_accuracy": 0.0,
    "composite_fault_accuracy": 0.0,
    "training_time": 0.0,
    "inference_time_mean": 0.008848023414611817,
    "convergence_episodes": 0,
    "mean_episode_reward": 632.1966936943604,
    "std_episode_reward": 956.242251739035
  },
  "PID": {
    "diag_accuracy": 0.2411,
    "diag_precision": {
      "0": 0.4645161290322581,
      "1": 0.20947488584474885,
      "2": 0,
      "3": 0
    },
    "diag_recall": {
      "0": 0.17882645141260478,
      "1": 0.9362244897959183,
      "2": 0.0,
      "3": 0.0
    },
    "diag_f1": {
      "0": 0.25823806321452586,
      "1": 0.3423507462686567,
      "2": 0,
      "3": 0
    },
    "detection_delay_mean": 0.0,
    "detection_delay_std": 0.0,
    "false_alarm_rate": 0.8211735485873952,
    "pmax_maintenance_rate": 0.5742624060405603,
    "control_smoothness": 0.16667986215509162,
    "protection_accuracy": 0.0,
    "variable_cond_accuracy": 0.0,
    "composite_fault_accuracy": 0.0,
    "training_time": 0.0,
    "inference_time_mean": 0.03298616409301758,
    "convergence_episodes": 0,
    "mean_episode_reward": 348.6609731494988,
    "std_episode_reward": 1171.5650156699094
  }
}