{
  "itae": 776148.8394619611,
  "overshoot": 0.0,
  "steady_state_error": 0.23048352849747275,
  "kp": 1.1857142857142857,
  "ki": 0.402,
  "kd": 0.07333333333333333
}